2021-09-01T19:06:12.009+09:00,수현,IdeState,Active,HelloWorld,Popup,C:/Users/수현/IdeaProjects/HelloWorld/src/HelloWorld.java,HelloWorld::main,2,8,Default task
2021-09-01T19:06:13.023+09:00,수현,IdeState,Active,HelloWorld,Popup,C:/Users/수현/IdeaProjects/HelloWorld/src/HelloWorld.java,HelloWorld::main,2,8,Default task
2021-09-01T19:06:14.037+09:00,수현,IdeState,Active,HelloWorld,Popup,C:/Users/수현/IdeaProjects/HelloWorld/src/HelloWorld.java,HelloWorld::main,2,8,Default task
2021-09-01T19:06:15.042+09:00,수현,IdeState,Active,HelloWorld,Popup,C:/Users/수현/IdeaProjects/HelloWorld/src/HelloWorld.java,HelloWorld::main,2,8,Default task
2021-09-01T19:06:16.051+09:00,수현,IdeState,Active,HelloWorld,Editor,C:/Users/수현/IdeaProjects/HelloWorld/src/HelloWorld.java,HelloWorld::main,2,18,Default task
2021-09-01T19:06:17.064+09:00,수현,IdeState,Active,HelloWorld,Editor,C:/Users/수현/IdeaProjects/HelloWorld/src/HelloWorld.java,HelloWorld::main,2,4,Default task
2021-09-01T19:06:17.992+09:00,수현,Action,EditorBackSpace,HelloWorld,Editor,C:/Users/수현/IdeaProjects/HelloWorld/src/HelloWorld.java,HelloWorld::main,2,8,Default task
2021-09-01T19:06:18.021+09:00,수현,KeyEvent,8:8:0,HelloWorld,Editor,C:/Users/수현/IdeaProjects/HelloWorld/src/HelloWorld.java,HelloWorld::main,2,8,Default task
2021-09-01T19:06:18.073+09:00,수현,IdeState,Active,HelloWorld,Editor,C:/Users/수현/IdeaProjects/HelloWorld/src/HelloWorld.java,HelloWorld::main,2,8,Default task
2021-09-01T19:06:18.317+09:00,수현,Action,EditorBackSpace,HelloWorld,Editor,C:/Users/수현/IdeaProjects/HelloWorld/src/HelloWorld.java,HelloWorld::main,2,8,Default task
2021-09-01T19:06:18.369+09:00,수현,KeyEvent,8:8:0,HelloWorld,Editor,C:/Users/수현/IdeaProjects/HelloWorld/src/HelloWorld.java,HelloWorld::main,1,44,Default task
2021-09-01T19:06:19.079+09:00,수현,IdeState,Active,HelloWorld,Editor,C:/Users/수현/IdeaProjects/HelloWorld/src/HelloWorld.java,HelloWorld::main,1,44,Default task
2021-09-01T19:06:19.657+09:00,수현,Action,EditorEnter,HelloWorld,Editor,C:/Users/수현/IdeaProjects/HelloWorld/src/HelloWorld.java,HelloWorld::main,1,44,Default task
2021-09-01T19:06:19.695+09:00,수현,KeyEvent,10:10:0,HelloWorld,Editor,C:/Users/수현/IdeaProjects/HelloWorld/src/HelloWorld.java,,2,8,Default task
2021-09-01T19:06:20.084+09:00,수현,IdeState,Active,HelloWorld,Editor,C:/Users/수현/IdeaProjects/HelloWorld/src/HelloWorld.java,HelloWorld::main,2,8,Default task
2021-09-01T19:06:20.789+09:00,수현,KeyEvent,65535:20:0,HelloWorld,Editor,C:/Users/수현/IdeaProjects/HelloWorld/src/HelloWorld.java,HelloWorld::main,2,8,Default task
2021-09-01T19:06:20.887+09:00,수현,KeyEvent,83:83:0,HelloWorld,Editor,C:/Users/수현/IdeaProjects/HelloWorld/src/HelloWorld.java,HelloWorld::main,2,8,Default task
2021-09-01T19:06:20.964+09:00,수현,KeyEvent,65535:20:0,HelloWorld,Editor,C:/Users/수현/IdeaProjects/HelloWorld/src/HelloWorld.java,HelloWorld::main,2,9,Default task
2021-09-01T19:06:21.131+09:00,수현,IdeState,Active,HelloWorld,Editor,C:/Users/수현/IdeaProjects/HelloWorld/src/HelloWorld.java,HelloWorld::main,2,9,Default task
2021-09-01T19:06:21.292+09:00,수현,KeyEvent,121:89:0,HelloWorld,Editor,C:/Users/수현/IdeaProjects/HelloWorld/src/HelloWorld.java,HelloWorld::main,2,9,Default task
2021-09-01T19:06:21.931+09:00,수현,KeyEvent,101:69:0,HelloWorld,Editor,C:/Users/수현/IdeaProjects/HelloWorld/src/HelloWorld.java,HelloWorld::main,2,10,Default task
2021-09-01T19:06:22.158+09:00,수현,IdeState,Active,HelloWorld,Editor,C:/Users/수현/IdeaProjects/HelloWorld/src/HelloWorld.java,HelloWorld::main,2,11,Default task
2021-09-01T19:06:22.249+09:00,수현,Action,EditorBackSpace,HelloWorld,Editor,C:/Users/수현/IdeaProjects/HelloWorld/src/HelloWorld.java,HelloWorld::main,2,11,Default task
2021-09-01T19:06:22.259+09:00,수현,KeyEvent,8:8:0,HelloWorld,Editor,C:/Users/수현/IdeaProjects/HelloWorld/src/HelloWorld.java,HelloWorld::main,2,10,Default task
2021-09-01T19:06:22.298+09:00,수현,KeyEvent,115:83:0,HelloWorld,Editor,C:/Users/수현/IdeaProjects/HelloWorld/src/HelloWorld.java,HelloWorld::main,2,10,Default task
2021-09-01T19:06:22.515+09:00,수현,KeyEvent,116:84:0,HelloWorld,Editor,C:/Users/수현/IdeaProjects/HelloWorld/src/HelloWorld.java,HelloWorld::main,2,11,Default task
2021-09-01T19:06:22.901+09:00,수현,KeyEvent,101:69:0,HelloWorld,Editor,C:/Users/수현/IdeaProjects/HelloWorld/src/HelloWorld.java,HelloWorld::main,2,12,Default task
2021-09-01T19:06:22.984+09:00,수현,KeyEvent,109:77:0,HelloWorld,Editor,C:/Users/수현/IdeaProjects/HelloWorld/src/HelloWorld.java,HelloWorld::main,2,13,Default task
2021-09-01T19:06:23.164+09:00,수현,IdeState,Active,HelloWorld,Editor,C:/Users/수현/IdeaProjects/HelloWorld/src/HelloWorld.java,HelloWorld::main,2,14,Default task
2021-09-01T19:06:23.700+09:00,수현,KeyEvent,46:46:0,HelloWorld,Editor,C:/Users/수현/IdeaProjects/HelloWorld/src/HelloWorld.java,HelloWorld::main,2,14,Default task
2021-09-01T19:06:24.175+09:00,수현,IdeState,Active,HelloWorld,Editor,C:/Users/수현/IdeaProjects/HelloWorld/src/HelloWorld.java,HelloWorld::main,2,15,Default task
2021-09-01T19:06:24.878+09:00,수현,KeyEvent,111:79:0,HelloWorld,Editor,C:/Users/수현/IdeaProjects/HelloWorld/src/HelloWorld.java,HelloWorld::main,2,15,Default task
2021-09-01T19:06:25.096+09:00,수현,KeyEvent,117:85:0,HelloWorld,Editor,C:/Users/수현/IdeaProjects/HelloWorld/src/HelloWorld.java,HelloWorld::main,2,16,Default task
2021-09-01T19:06:25.177+09:00,수현,KeyEvent,116:84:0,HelloWorld,Editor,C:/Users/수현/IdeaProjects/HelloWorld/src/HelloWorld.java,HelloWorld::main,2,17,Default task
2021-09-01T19:06:25.188+09:00,수현,IdeState,Active,HelloWorld,Editor,C:/Users/수현/IdeaProjects/HelloWorld/src/HelloWorld.java,HelloWorld::main,2,18,Default task
2021-09-01T19:06:25.533+09:00,수현,KeyEvent,46:46:0,HelloWorld,Editor,C:/Users/수현/IdeaProjects/HelloWorld/src/HelloWorld.java,HelloWorld::main,2,18,Default task
2021-09-01T19:06:25.836+09:00,수현,KeyEvent,112:80:0,HelloWorld,Editor,C:/Users/수현/IdeaProjects/HelloWorld/src/HelloWorld.java,HelloWorld::main,2,19,Default task
2021-09-01T19:06:26.052+09:00,수현,KeyEvent,114:82:0,HelloWorld,Editor,C:/Users/수현/IdeaProjects/HelloWorld/src/HelloWorld.java,HelloWorld::main,2,20,Default task
2021-09-01T19:06:26.103+09:00,수현,KeyEvent,105:73:0,HelloWorld,Editor,C:/Users/수현/IdeaProjects/HelloWorld/src/HelloWorld.java,HelloWorld::main,2,21,Default task
2021-09-01T19:06:26.192+09:00,수현,IdeState,Active,HelloWorld,Editor,C:/Users/수현/IdeaProjects/HelloWorld/src/HelloWorld.java,HelloWorld::main,2,22,Default task
2021-09-01T19:06:26.322+09:00,수현,KeyEvent,110:78:0,HelloWorld,Editor,C:/Users/수현/IdeaProjects/HelloWorld/src/HelloWorld.java,HelloWorld::main,2,22,Default task
2021-09-01T19:06:26.532+09:00,수현,KeyEvent,116:84:0,HelloWorld,Editor,C:/Users/수현/IdeaProjects/HelloWorld/src/HelloWorld.java,HelloWorld::main,2,23,Default task
2021-09-01T19:06:26.851+09:00,수현,KeyEvent,108:76:0,HelloWorld,Editor,C:/Users/수현/IdeaProjects/HelloWorld/src/HelloWorld.java,HelloWorld::main,2,24,Default task
2021-09-01T19:06:26.977+09:00,수현,KeyEvent,101:69:0,HelloWorld,Editor,C:/Users/수현/IdeaProjects/HelloWorld/src/HelloWorld.java,HelloWorld::main,2,25,Default task
2021-09-01T19:06:27.205+09:00,수현,IdeState,Active,HelloWorld,Editor,C:/Users/수현/IdeaProjects/HelloWorld/src/HelloWorld.java,HelloWorld::main,2,26,Default task
2021-09-01T19:06:27.590+09:00,수현,Action,EditorBackSpace,HelloWorld,Editor,C:/Users/수현/IdeaProjects/HelloWorld/src/HelloWorld.java,HelloWorld::main,2,26,Default task
2021-09-01T19:06:27.601+09:00,수현,KeyEvent,8:8:0,HelloWorld,Editor,C:/Users/수현/IdeaProjects/HelloWorld/src/HelloWorld.java,HelloWorld::main,2,25,Default task
2021-09-01T19:06:27.846+09:00,수현,KeyEvent,110:78:0,HelloWorld,Editor,C:/Users/수현/IdeaProjects/HelloWorld/src/HelloWorld.java,HelloWorld::main,2,25,Default task
2021-09-01T19:06:28.206+09:00,수현,IdeState,Active,HelloWorld,Editor,C:/Users/수현/IdeaProjects/HelloWorld/src/HelloWorld.java,HelloWorld::main,2,26,Default task
2021-09-01T19:06:28.783+09:00,수현,KeyEvent,65535:16:1,HelloWorld,Editor,C:/Users/수현/IdeaProjects/HelloWorld/src/HelloWorld.java,HelloWorld::main,2,26,Default task
2021-09-01T19:06:29.039+09:00,수현,KeyEvent,65535:16:1,HelloWorld,Editor,C:/Users/수현/IdeaProjects/HelloWorld/src/HelloWorld.java,HelloWorld::main,2,26,Default task
2021-09-01T19:06:29.068+09:00,수현,KeyEvent,65535:16:1,HelloWorld,Editor,C:/Users/수현/IdeaProjects/HelloWorld/src/HelloWorld.java,HelloWorld::main,2,26,Default task
2021-09-01T19:06:29.100+09:00,수현,KeyEvent,65535:16:1,HelloWorld,Editor,C:/Users/수현/IdeaProjects/HelloWorld/src/HelloWorld.java,HelloWorld::main,2,26,Default task
2021-09-01T19:06:29.131+09:00,수현,KeyEvent,65535:16:1,HelloWorld,Editor,C:/Users/수현/IdeaProjects/HelloWorld/src/HelloWorld.java,HelloWorld::main,2,26,Default task
2021-09-01T19:06:29.161+09:00,수현,KeyEvent,65535:16:1,HelloWorld,Editor,C:/Users/수현/IdeaProjects/HelloWorld/src/HelloWorld.java,HelloWorld::main,2,26,Default task
2021-09-01T19:06:29.193+09:00,수현,KeyEvent,65535:16:1,HelloWorld,Editor,C:/Users/수현/IdeaProjects/HelloWorld/src/HelloWorld.java,HelloWorld::main,2,26,Default task
2021-09-01T19:06:29.208+09:00,수현,KeyEvent,40:57:1,HelloWorld,Editor,C:/Users/수현/IdeaProjects/HelloWorld/src/HelloWorld.java,HelloWorld::main,2,26,Default task
2021-09-01T19:06:29.241+09:00,수현,IdeState,Active,HelloWorld,Editor,C:/Users/수현/IdeaProjects/HelloWorld/src/HelloWorld.java,HelloWorld::main,2,27,Default task
2021-09-01T19:06:29.744+09:00,수현,KeyEvent,65535:16:1,HelloWorld,Editor,C:/Users/수현/IdeaProjects/HelloWorld/src/HelloWorld.java,HelloWorld::main,2,27,Default task
2021-09-01T19:06:30.007+09:00,수현,KeyEvent,65535:16:1,HelloWorld,Editor,C:/Users/수현/IdeaProjects/HelloWorld/src/HelloWorld.java,HelloWorld::main,2,27,Default task
2021-09-01T19:06:30.039+09:00,수현,KeyEvent,65535:16:1,HelloWorld,Editor,C:/Users/수현/IdeaProjects/HelloWorld/src/HelloWorld.java,HelloWorld::main,2,27,Default task
2021-09-01T19:06:30.071+09:00,수현,KeyEvent,65535:16:1,HelloWorld,Editor,C:/Users/수현/IdeaProjects/HelloWorld/src/HelloWorld.java,HelloWorld::main,2,27,Default task
2021-09-01T19:06:30.102+09:00,수현,KeyEvent,65535:16:1,HelloWorld,Editor,C:/Users/수현/IdeaProjects/HelloWorld/src/HelloWorld.java,HelloWorld::main,2,27,Default task
2021-09-01T19:06:30.134+09:00,수현,KeyEvent,65535:16:1,HelloWorld,Editor,C:/Users/수현/IdeaProjects/HelloWorld/src/HelloWorld.java,HelloWorld::main,2,27,Default task
2021-09-01T19:06:30.166+09:00,수현,KeyEvent,65535:16:1,HelloWorld,Editor,C:/Users/수현/IdeaProjects/HelloWorld/src/HelloWorld.java,HelloWorld::main,2,27,Default task
2021-09-01T19:06:30.196+09:00,수현,KeyEvent,65535:16:1,HelloWorld,Editor,C:/Users/수현/IdeaProjects/HelloWorld/src/HelloWorld.java,HelloWorld::main,2,27,Default task
2021-09-01T19:06:30.226+09:00,수현,KeyEvent,65535:16:1,HelloWorld,Editor,C:/Users/수현/IdeaProjects/HelloWorld/src/HelloWorld.java,HelloWorld::main,2,27,Default task
2021-09-01T19:06:30.259+09:00,수현,IdeState,Active,HelloWorld,Editor,C:/Users/수현/IdeaProjects/HelloWorld/src/HelloWorld.java,HelloWorld::main,2,27,Default task
2021-09-01T19:06:30.276+09:00,수현,KeyEvent,65535:16:1,HelloWorld,Editor,C:/Users/수현/IdeaProjects/HelloWorld/src/HelloWorld.java,HelloWorld::main,2,27,Default task
2021-09-01T19:06:30.305+09:00,수현,KeyEvent,65535:16:1,HelloWorld,Editor,C:/Users/수현/IdeaProjects/HelloWorld/src/HelloWorld.java,HelloWorld::main,2,27,Default task
2021-09-01T19:06:30.337+09:00,수현,KeyEvent,65535:16:1,HelloWorld,Editor,C:/Users/수현/IdeaProjects/HelloWorld/src/HelloWorld.java,HelloWorld::main,2,27,Default task
2021-09-01T19:06:30.369+09:00,수현,KeyEvent,65535:16:1,HelloWorld,Editor,C:/Users/수현/IdeaProjects/HelloWorld/src/HelloWorld.java,HelloWorld::main,2,27,Default task
2021-09-01T19:06:30.673+09:00,수현,KeyEvent,65535:16:1,HelloWorld,Editor,C:/Users/수현/IdeaProjects/HelloWorld/src/HelloWorld.java,HelloWorld::main,2,27,Default task
2021-09-01T19:06:30.923+09:00,수현,KeyEvent,65535:16:1,HelloWorld,Editor,C:/Users/수현/IdeaProjects/HelloWorld/src/HelloWorld.java,HelloWorld::main,2,27,Default task
2021-09-01T19:06:30.941+09:00,수현,Action,SearchEverywhere,HelloWorld,Editor,C:/Users/수현/IdeaProjects/HelloWorld/src/HelloWorld.java,HelloWorld::main,2,27,Default task
2021-09-01T19:06:31.285+09:00,수현,IdeState,Active,HelloWorld,Popup,C:/Users/수현/IdeaProjects/HelloWorld/src/HelloWorld.java,HelloWorld::main,2,27,Default task
2021-09-01T19:06:32.289+09:00,수현,IdeState,Active,HelloWorld,Popup,C:/Users/수현/IdeaProjects/HelloWorld/src/HelloWorld.java,HelloWorld::main,2,27,Default task
2021-09-01T19:06:32.814+09:00,수현,KeyEvent,65535:16:1,HelloWorld,Popup,C:/Users/수현/IdeaProjects/HelloWorld/src/HelloWorld.java,HelloWorld::main,2,27,Default task
2021-09-01T19:06:33.074+09:00,수현,KeyEvent,65535:16:1,HelloWorld,Popup,C:/Users/수현/IdeaProjects/HelloWorld/src/HelloWorld.java,HelloWorld::main,2,27,Default task
2021-09-01T19:06:33.105+09:00,수현,KeyEvent,65535:16:1,HelloWorld,Popup,C:/Users/수현/IdeaProjects/HelloWorld/src/HelloWorld.java,HelloWorld::main,2,27,Default task
2021-09-01T19:06:33.303+09:00,수현,IdeState,Active,HelloWorld,Popup,C:/Users/수현/IdeaProjects/HelloWorld/src/HelloWorld.java,HelloWorld::main,2,27,Default task
2021-09-01T19:06:34.309+09:00,수현,IdeState,Active,HelloWorld,Popup,C:/Users/수현/IdeaProjects/HelloWorld/src/HelloWorld.java,HelloWorld::main,2,27,Default task
2021-09-01T19:06:35.323+09:00,수현,IdeState,Active,HelloWorld,Popup,C:/Users/수현/IdeaProjects/HelloWorld/src/HelloWorld.java,HelloWorld::main,2,27,Default task
2021-09-01T19:06:36.337+09:00,수현,IdeState,Active,HelloWorld,Editor,C:/Users/수현/IdeaProjects/HelloWorld/src/HelloWorld.java,HelloWorld::main,2,28,Default task
2021-09-01T19:06:36.968+09:00,수현,Action,EditorLeft,HelloWorld,Editor,C:/Users/수현/IdeaProjects/HelloWorld/src/HelloWorld.java,HelloWorld::main,2,28,Default task
2021-09-01T19:06:36.975+09:00,수현,KeyEvent,65535:37:0,HelloWorld,Editor,C:/Users/수현/IdeaProjects/HelloWorld/src/HelloWorld.java,HelloWorld::main,2,27,Default task
2021-09-01T19:06:37.350+09:00,수현,IdeState,Active,HelloWorld,Editor,C:/Users/수현/IdeaProjects/HelloWorld/src/HelloWorld.java,HelloWorld::main,2,27,Default task
2021-09-01T19:06:37.447+09:00,수현,KeyEvent,65535:16:1,HelloWorld,Editor,C:/Users/수현/IdeaProjects/HelloWorld/src/HelloWorld.java,HelloWorld::main,2,27,Default task
2021-09-01T19:06:37.708+09:00,수현,KeyEvent,34:222:1,HelloWorld,Editor,C:/Users/수현/IdeaProjects/HelloWorld/src/HelloWorld.java,HelloWorld::main,2,27,Default task
2021-09-01T19:06:38.353+09:00,수현,IdeState,Active,HelloWorld,Editor,C:/Users/수현/IdeaProjects/HelloWorld/src/HelloWorld.java,HelloWorld::main,2,28,Default task
2021-09-01T19:06:38.846+09:00,수현,KeyEvent,65535:20:0,HelloWorld,Editor,C:/Users/수현/IdeaProjects/HelloWorld/src/HelloWorld.java,HelloWorld::main,2,28,Default task
2021-09-01T19:06:39.004+09:00,수현,KeyEvent,65535:20:0,HelloWorld,Editor,C:/Users/수현/IdeaProjects/HelloWorld/src/HelloWorld.java,HelloWorld::main,2,28,Default task
2021-09-01T19:06:39.357+09:00,수현,IdeState,Active,HelloWorld,Editor,C:/Users/수현/IdeaProjects/HelloWorld/src/HelloWorld.java,HelloWorld::main,2,28,Default task
2021-09-01T19:06:39.461+09:00,수현,KeyEvent,101:69:0,HelloWorld,Editor,C:/Users/수현/IdeaProjects/HelloWorld/src/HelloWorld.java,HelloWorld::main,2,28,Default task
2021-09-01T19:06:39.682+09:00,수현,Action,EditorBackSpace,HelloWorld,Editor,C:/Users/수현/IdeaProjects/HelloWorld/src/HelloWorld.java,HelloWorld::main,2,29,Default task
2021-09-01T19:06:39.685+09:00,수현,KeyEvent,8:8:0,HelloWorld,Editor,C:/Users/수현/IdeaProjects/HelloWorld/src/HelloWorld.java,HelloWorld::main,2,28,Default task
2021-09-01T19:06:39.870+09:00,수현,KeyEvent,65535:20:0,HelloWorld,Editor,C:/Users/수현/IdeaProjects/HelloWorld/src/HelloWorld.java,HelloWorld::main,2,28,Default task
2021-09-01T19:06:39.990+09:00,수현,KeyEvent,72:72:0,HelloWorld,Editor,C:/Users/수현/IdeaProjects/HelloWorld/src/HelloWorld.java,HelloWorld::main,2,28,Default task
2021-09-01T19:06:40.055+09:00,수현,KeyEvent,65535:20:0,HelloWorld,Editor,C:/Users/수현/IdeaProjects/HelloWorld/src/HelloWorld.java,HelloWorld::main,2,29,Default task
2021-09-01T19:06:40.136+09:00,수현,KeyEvent,101:69:0,HelloWorld,Editor,C:/Users/수현/IdeaProjects/HelloWorld/src/HelloWorld.java,HelloWorld::main,2,29,Default task
2021-09-01T19:06:40.372+09:00,수현,IdeState,Active,HelloWorld,Editor,C:/Users/수현/IdeaProjects/HelloWorld/src/HelloWorld.java,HelloWorld::main,2,30,Default task
2021-09-01T19:06:40.595+09:00,수현,KeyEvent,108:76:0,HelloWorld,Editor,C:/Users/수현/IdeaProjects/HelloWorld/src/HelloWorld.java,HelloWorld::main,2,30,Default task
2021-09-01T19:06:40.867+09:00,수현,KeyEvent,108:76:0,HelloWorld,Editor,C:/Users/수현/IdeaProjects/HelloWorld/src/HelloWorld.java,HelloWorld::main,2,31,Default task
2021-09-01T19:06:41.033+09:00,수현,KeyEvent,111:79:0,HelloWorld,Editor,C:/Users/수현/IdeaProjects/HelloWorld/src/HelloWorld.java,HelloWorld::main,2,32,Default task
2021-09-01T19:06:41.397+09:00,수현,IdeState,Active,HelloWorld,Editor,C:/Users/수현/IdeaProjects/HelloWorld/src/HelloWorld.java,HelloWorld::main,2,33,Default task
2021-09-01T19:06:41.400+09:00,수현,KeyEvent,44:44:0,HelloWorld,Editor,C:/Users/수현/IdeaProjects/HelloWorld/src/HelloWorld.java,HelloWorld::main,2,33,Default task
2021-09-01T19:06:41.607+09:00,수현,KeyEvent,32:32:0,HelloWorld,Editor,C:/Users/수현/IdeaProjects/HelloWorld/src/HelloWorld.java,HelloWorld::main,2,34,Default task
2021-09-01T19:06:41.770+09:00,수현,KeyEvent,65535:20:0,HelloWorld,Editor,C:/Users/수현/IdeaProjects/HelloWorld/src/HelloWorld.java,HelloWorld::main,2,35,Default task
2021-09-01T19:06:41.861+09:00,수현,KeyEvent,87:87:0,HelloWorld,Editor,C:/Users/수현/IdeaProjects/HelloWorld/src/HelloWorld.java,HelloWorld::main,2,35,Default task
2021-09-01T19:06:41.934+09:00,수현,KeyEvent,65535:20:0,HelloWorld,Editor,C:/Users/수현/IdeaProjects/HelloWorld/src/HelloWorld.java,HelloWorld::main,2,36,Default task
2021-09-01T19:06:42.034+09:00,수현,KeyEvent,111:79:0,HelloWorld,Editor,C:/Users/수현/IdeaProjects/HelloWorld/src/HelloWorld.java,HelloWorld::main,2,36,Default task
2021-09-01T19:06:42.409+09:00,수현,IdeState,Active,HelloWorld,Editor,C:/Users/수현/IdeaProjects/HelloWorld/src/HelloWorld.java,HelloWorld::main,2,37,Default task
2021-09-01T19:06:42.410+09:00,수현,KeyEvent,114:82:0,HelloWorld,Editor,C:/Users/수현/IdeaProjects/HelloWorld/src/HelloWorld.java,HelloWorld::main,2,37,Default task
2021-09-01T19:06:42.592+09:00,수현,KeyEvent,108:76:0,HelloWorld,Editor,C:/Users/수현/IdeaProjects/HelloWorld/src/HelloWorld.java,HelloWorld::main,2,38,Default task
2021-09-01T19:06:42.976+09:00,수현,KeyEvent,100:68:0,HelloWorld,Editor,C:/Users/수현/IdeaProjects/HelloWorld/src/HelloWorld.java,HelloWorld::main,2,39,Default task
2021-09-01T19:06:43.096+09:00,수현,KeyEvent,32:32:0,HelloWorld,Editor,C:/Users/수현/IdeaProjects/HelloWorld/src/HelloWorld.java,HelloWorld::main,2,40,Default task
2021-09-01T19:06:43.416+09:00,수현,IdeState,Active,HelloWorld,Editor,C:/Users/수현/IdeaProjects/HelloWorld/src/HelloWorld.java,HelloWorld::main,2,41,Default task
2021-09-01T19:06:43.810+09:00,수현,KeyEvent,50:50:0,HelloWorld,Editor,C:/Users/수현/IdeaProjects/HelloWorld/src/HelloWorld.java,HelloWorld::main,2,41,Default task
2021-09-01T19:06:43.876+09:00,수현,KeyEvent,48:48:0,HelloWorld,Editor,C:/Users/수현/IdeaProjects/HelloWorld/src/HelloWorld.java,HelloWorld::main,2,42,Default task
2021-09-01T19:06:43.938+09:00,수현,KeyEvent,50:50:0,HelloWorld,Editor,C:/Users/수현/IdeaProjects/HelloWorld/src/HelloWorld.java,HelloWorld::main,2,43,Default task
2021-09-01T19:06:43.999+09:00,수현,KeyEvent,48:48:0,HelloWorld,Editor,C:/Users/수현/IdeaProjects/HelloWorld/src/HelloWorld.java,HelloWorld::main,2,44,Default task
2021-09-01T19:06:44.144+09:00,수현,KeyEvent,53:53:0,HelloWorld,Editor,C:/Users/수현/IdeaProjects/HelloWorld/src/HelloWorld.java,HelloWorld::main,2,45,Default task
2021-09-01T19:06:44.287+09:00,수현,KeyEvent,53:53:0,HelloWorld,Editor,C:/Users/수현/IdeaProjects/HelloWorld/src/HelloWorld.java,HelloWorld::main,2,46,Default task
2021-09-01T19:06:44.429+09:00,수현,IdeState,Active,HelloWorld,Editor,C:/Users/수현/IdeaProjects/HelloWorld/src/HelloWorld.java,HelloWorld::main,2,47,Default task
2021-09-01T19:06:44.480+09:00,수현,KeyEvent,54:54:0,HelloWorld,Editor,C:/Users/수현/IdeaProjects/HelloWorld/src/HelloWorld.java,HelloWorld::main,2,47,Default task
2021-09-01T19:06:44.660+09:00,수현,KeyEvent,50:50:0,HelloWorld,Editor,C:/Users/수현/IdeaProjects/HelloWorld/src/HelloWorld.java,HelloWorld::main,2,48,Default task
2021-09-01T19:06:44.827+09:00,수현,KeyEvent,53:53:0,HelloWorld,Editor,C:/Users/수현/IdeaProjects/HelloWorld/src/HelloWorld.java,HelloWorld::main,2,49,Default task
2021-09-01T19:06:45.052+09:00,수현,KeyEvent,65535:16:1,HelloWorld,Editor,C:/Users/수현/IdeaProjects/HelloWorld/src/HelloWorld.java,HelloWorld::main,2,50,Default task
2021-09-01T19:06:45.263+09:00,수현,KeyEvent,33:49:1,HelloWorld,Editor,C:/Users/수현/IdeaProjects/HelloWorld/src/HelloWorld.java,HelloWorld::main,2,50,Default task
2021-09-01T19:06:45.438+09:00,수현,IdeState,Active,HelloWorld,Editor,C:/Users/수현/IdeaProjects/HelloWorld/src/HelloWorld.java,HelloWorld::main,2,51,Default task
2021-09-01T19:06:46.184+09:00,수현,Action,EditorRight,HelloWorld,Editor,C:/Users/수현/IdeaProjects/HelloWorld/src/HelloWorld.java,HelloWorld::main,2,51,Default task
2021-09-01T19:06:46.187+09:00,수현,KeyEvent,65535:39:0,HelloWorld,Editor,C:/Users/수현/IdeaProjects/HelloWorld/src/HelloWorld.java,HelloWorld::main,2,52,Default task
2021-09-01T19:06:46.289+09:00,수현,Action,EditorRight,HelloWorld,Editor,C:/Users/수현/IdeaProjects/HelloWorld/src/HelloWorld.java,HelloWorld::main,2,52,Default task
2021-09-01T19:06:46.290+09:00,수현,KeyEvent,65535:39:0,HelloWorld,Editor,C:/Users/수현/IdeaProjects/HelloWorld/src/HelloWorld.java,HelloWorld::main,2,53,Default task
2021-09-01T19:06:46.447+09:00,수현,IdeState,Active,HelloWorld,Editor,C:/Users/수현/IdeaProjects/HelloWorld/src/HelloWorld.java,HelloWorld::main,2,53,Default task
2021-09-01T19:06:46.993+09:00,수현,KeyEvent,59:59:0,HelloWorld,Editor,C:/Users/수현/IdeaProjects/HelloWorld/src/HelloWorld.java,HelloWorld::main,2,53,Default task
2021-09-01T19:06:47.452+09:00,수현,IdeState,Active,HelloWorld,Editor,C:/Users/수현/IdeaProjects/HelloWorld/src/HelloWorld.java,HelloWorld::main,2,54,Default task
2021-09-01T19:06:48.467+09:00,수현,IdeState,Active,HelloWorld,Editor,C:/Users/수현/IdeaProjects/HelloWorld/src/HelloWorld.java,HelloWorld::main,2,54,Default task
2021-09-01T19:06:49.469+09:00,수현,IdeState,Active,HelloWorld,Editor,C:/Users/수현/IdeaProjects/HelloWorld/src/HelloWorld.java,HelloWorld::main,2,54,Default task
2021-09-01T19:06:50.474+09:00,수현,IdeState,Active,HelloWorld,Editor,C:/Users/수현/IdeaProjects/HelloWorld/src/HelloWorld.java,HelloWorld::main,2,54,Default task
2021-09-01T19:06:51.483+09:00,수현,IdeState,Inactive,,,,,-1,-1,
2021-09-01T19:06:52.495+09:00,수현,IdeState,Inactive,,,,,-1,-1,
2021-09-01T19:06:53.496+09:00,수현,IdeState,Inactive,,,,,-1,-1,
2021-09-01T19:06:54.506+09:00,수현,IdeState,Inactive,,,,,-1,-1,
2021-09-01T19:06:55.512+09:00,수현,IdeState,Inactive,,,,,-1,-1,
2021-09-01T19:06:56.519+09:00,수현,IdeState,Inactive,,,,,-1,-1,
2021-09-01T19:06:57.526+09:00,수현,IdeState,Active,HelloWorld,Editor,C:/Users/수현/IdeaProjects/HelloWorld/src/HelloWorld.java,HelloWorld::main,2,54,Default task
2021-09-01T19:06:58.532+09:00,수현,IdeState,Active,HelloWorld,Editor,C:/Users/수현/IdeaProjects/HelloWorld/src/HelloWorld.java,HelloWorld::main,2,54,Default task
2021-09-01T19:06:59.546+09:00,수현,IdeState,Active,HelloWorld,Editor,C:/Users/수현/IdeaProjects/HelloWorld/src/HelloWorld.java,HelloWorld::main,2,54,Default task
2021-09-01T19:07:00.558+09:00,수현,IdeState,Active,HelloWorld,Editor,C:/Users/수현/IdeaProjects/HelloWorld/src/HelloWorld.java,HelloWorld::main,2,54,Default task
2021-09-01T19:07:01.559+09:00,수현,IdeState,Active,HelloWorld,Editor,C:/Users/수현/IdeaProjects/HelloWorld/src/HelloWorld.java,HelloWorld::main,2,54,Default task
2021-09-01T19:07:02.571+09:00,수현,IdeState,Active,HelloWorld,Editor,C:/Users/수현/IdeaProjects/HelloWorld/src/HelloWorld.java,HelloWorld::main,2,54,Default task
2021-09-01T19:07:03.585+09:00,수현,IdeState,Active,HelloWorld,Editor,C:/Users/수현/IdeaProjects/HelloWorld/src/HelloWorld.java,HelloWorld::main,2,54,Default task
2021-09-01T19:07:04.593+09:00,수현,IdeState,Active,HelloWorld,Editor,C:/Users/수현/IdeaProjects/HelloWorld/src/HelloWorld.java,HelloWorld::main,2,54,Default task
2021-09-01T19:07:05.602+09:00,수현,IdeState,Active,HelloWorld,Editor,C:/Users/수현/IdeaProjects/HelloWorld/src/HelloWorld.java,HelloWorld::main,2,54,Default task
2021-09-01T19:07:06.608+09:00,수현,IdeState,Active,HelloWorld,Editor,C:/Users/수현/IdeaProjects/HelloWorld/src/HelloWorld.java,HelloWorld::main,2,54,Default task
2021-09-01T19:07:07.616+09:00,수현,IdeState,Active,HelloWorld,Editor,C:/Users/수현/IdeaProjects/HelloWorld/src/HelloWorld.java,HelloWorld::main,2,54,Default task
2021-09-01T19:07:08.627+09:00,수현,IdeState,Active,HelloWorld,Editor,C:/Users/수현/IdeaProjects/HelloWorld/src/HelloWorld.java,HelloWorld::main,2,54,Default task
2021-09-01T19:07:09.635+09:00,수현,IdeState,Active,HelloWorld,Editor,C:/Users/수현/IdeaProjects/HelloWorld/src/HelloWorld.java,HelloWorld::main,2,54,Default task
2021-09-01T19:07:10.636+09:00,수현,IdeState,Active,HelloWorld,Editor,C:/Users/수현/IdeaProjects/HelloWorld/src/HelloWorld.java,HelloWorld::main,2,54,Default task
2021-09-01T19:07:11.644+09:00,수현,IdeState,Active,HelloWorld,Editor,C:/Users/수현/IdeaProjects/HelloWorld/src/HelloWorld.java,HelloWorld::main,2,54,Default task
2021-09-01T19:07:12.654+09:00,수현,IdeState,Active,HelloWorld,Editor,C:/Users/수현/IdeaProjects/HelloWorld/src/HelloWorld.java,HelloWorld::main,2,54,Default task
2021-09-01T19:07:13.656+09:00,수현,IdeState,Active,HelloWorld,Editor,C:/Users/수현/IdeaProjects/HelloWorld/src/HelloWorld.java,HelloWorld::main,2,54,Default task
2021-09-01T19:07:14.663+09:00,수현,IdeState,Active,HelloWorld,Editor,C:/Users/수현/IdeaProjects/HelloWorld/src/HelloWorld.java,HelloWorld::main,2,54,Default task
2021-09-01T19:07:15.679+09:00,수현,IdeState,Active,HelloWorld,Editor,C:/Users/수현/IdeaProjects/HelloWorld/src/HelloWorld.java,HelloWorld::main,2,54,Default task
2021-09-01T19:07:16.688+09:00,수현,IdeState,Active,HelloWorld,Editor,C:/Users/수현/IdeaProjects/HelloWorld/src/HelloWorld.java,HelloWorld::main,2,54,Default task
2021-09-01T19:07:17.704+09:00,수현,IdeState,Active,HelloWorld,Editor,C:/Users/수현/IdeaProjects/HelloWorld/src/HelloWorld.java,HelloWorld::main,2,54,Default task
2021-09-01T19:07:18.720+09:00,수현,IdeState,Active,HelloWorld,Editor,C:/Users/수현/IdeaProjects/HelloWorld/src/HelloWorld.java,HelloWorld::main,2,54,Default task
2021-09-01T19:07:19.725+09:00,수현,IdeState,Active,HelloWorld,Editor,C:/Users/수현/IdeaProjects/HelloWorld/src/HelloWorld.java,HelloWorld::main,2,54,Default task
2021-09-01T19:07:20.741+09:00,수현,IdeState,Active,HelloWorld,Editor,C:/Users/수현/IdeaProjects/HelloWorld/src/HelloWorld.java,HelloWorld::main,2,54,Default task
2021-09-01T19:07:21.743+09:00,수현,IdeState,Active,HelloWorld,Editor,C:/Users/수현/IdeaProjects/HelloWorld/src/HelloWorld.java,HelloWorld::main,2,54,Default task
2021-09-01T19:07:22.750+09:00,수현,IdeState,Active,HelloWorld,Editor,C:/Users/수현/IdeaProjects/HelloWorld/src/HelloWorld.java,HelloWorld::main,2,54,Default task
2021-09-01T19:07:23.758+09:00,수현,IdeState,Active,HelloWorld,Popup,C:/Users/수현/IdeaProjects/HelloWorld/src/HelloWorld.java,HelloWorld::main,2,54,Default task
2021-09-01T19:07:24.770+09:00,수현,IdeState,Active,HelloWorld,Popup,C:/Users/수현/IdeaProjects/HelloWorld/src/HelloWorld.java,HelloWorld::main,2,54,Default task
2021-09-01T19:07:25.782+09:00,수현,IdeState,Active,HelloWorld,Editor,C:/Users/수현/IdeaProjects/HelloWorld/src/HelloWorld.java,HelloWorld::main,2,54,Default task
2021-09-01T19:07:26.793+09:00,수현,IdeState,Active,HelloWorld,Editor,C:/Users/수현/IdeaProjects/HelloWorld/src/HelloWorld.java,HelloWorld::main,2,54,Default task
2021-09-01T19:07:27.803+09:00,수현,IdeState,Active,HelloWorld,Editor,C:/Users/수현/IdeaProjects/HelloWorld/src/HelloWorld.java,HelloWorld::main,2,54,Default task
2021-09-01T19:07:28.835+09:00,수현,IdeState,Active,HelloWorld,Editor,C:/Users/수현/IdeaProjects/HelloWorld/src/HelloWorld.java,HelloWorld::main,2,54,Default task
2021-09-01T19:07:29.843+09:00,수현,IdeState,Active,HelloWorld,Editor,C:/Users/수현/IdeaProjects/HelloWorld/src/HelloWorld.java,HelloWorld::main,2,54,Default task
2021-09-01T19:07:30.856+09:00,수현,IdeState,Active,HelloWorld,Editor,C:/Users/수현/IdeaProjects/HelloWorld/src/HelloWorld.java,HelloWorld::main,2,54,Default task
2021-09-01T19:07:31.868+09:00,수현,IdeState,Active,HelloWorld,Editor,C:/Users/수현/IdeaProjects/HelloWorld/src/HelloWorld.java,HelloWorld::main,2,54,Default task
2021-09-01T19:07:32.500+09:00,수현,Action,Run,HelloWorld,Editor,C:/Users/수현/IdeaProjects/HelloWorld/src/HelloWorld.java,HelloWorld::main,2,54,Default task
2021-09-01T19:07:32.870+09:00,수현,IdeState,Active,HelloWorld,Editor,C:/Users/수현/IdeaProjects/HelloWorld/src/HelloWorld.java,HelloWorld::main,2,54,Default task
2021-09-01T19:07:33.873+09:00,수현,IdeState,Active,HelloWorld,Editor,C:/Users/수현/IdeaProjects/HelloWorld/src/HelloWorld.java,HelloWorld::main,2,54,Default task
2021-09-01T19:07:34.884+09:00,수현,IdeState,Active,HelloWorld,Editor,C:/Users/수현/IdeaProjects/HelloWorld/src/HelloWorld.java,HelloWorld::main,2,54,Default task
2021-09-01T19:07:36.007+09:00,수현,IdeState,Active,HelloWorld,Terminal,C:/Users/수현/IdeaProjects/HelloWorld/src/HelloWorld.java,HelloWorld::main,2,54,Default task
2021-09-01T19:07:37.009+09:00,수현,IdeState,Active,HelloWorld,Terminal,C:/Users/수현/IdeaProjects/HelloWorld/src/HelloWorld.java,HelloWorld::main,2,54,Default task
2021-09-01T19:07:38.023+09:00,수현,IdeState,Active,HelloWorld,Terminal,C:/Users/수현/IdeaProjects/HelloWorld/src/HelloWorld.java,HelloWorld::main,2,54,Default task
2021-09-01T19:07:39.051+09:00,수현,IdeState,Active,HelloWorld,Terminal,C:/Users/수현/IdeaProjects/HelloWorld/src/HelloWorld.java,HelloWorld::main,2,54,Default task
2021-09-01T19:07:40.057+09:00,수현,IdeState,Active,HelloWorld,Terminal,C:/Users/수현/IdeaProjects/HelloWorld/src/HelloWorld.java,HelloWorld::main,2,54,Default task
2021-09-01T19:07:41.072+09:00,수현,IdeState,Active,HelloWorld,Terminal,C:/Users/수현/IdeaProjects/HelloWorld/src/HelloWorld.java,HelloWorld::main,2,54,Default task
2021-09-01T19:07:42.076+09:00,수현,IdeState,Active,HelloWorld,Terminal,C:/Users/수현/IdeaProjects/HelloWorld/src/HelloWorld.java,HelloWorld::main,2,54,Default task
2021-09-01T19:07:43.085+09:00,수현,IdeState,Active,HelloWorld,Terminal,C:/Users/수현/IdeaProjects/HelloWorld/src/HelloWorld.java,HelloWorld::main,2,54,Default task
2021-09-01T19:07:44.100+09:00,수현,IdeState,Active,HelloWorld,Terminal,C:/Users/수현/IdeaProjects/HelloWorld/src/HelloWorld.java,HelloWorld::main,2,54,Default task
2021-09-01T19:07:45.113+09:00,수현,IdeState,Active,HelloWorld,Terminal,C:/Users/수현/IdeaProjects/HelloWorld/src/HelloWorld.java,HelloWorld::main,2,54,Default task
2021-09-01T19:07:46.113+09:00,수현,IdeState,Active,HelloWorld,Terminal,C:/Users/수현/IdeaProjects/HelloWorld/src/HelloWorld.java,HelloWorld::main,2,54,Default task
2021-09-01T19:07:47.126+09:00,수현,IdeState,Active,HelloWorld,Terminal,C:/Users/수현/IdeaProjects/HelloWorld/src/HelloWorld.java,HelloWorld::main,2,54,Default task
2021-09-01T19:07:48.138+09:00,수현,IdeState,Active,HelloWorld,Terminal,C:/Users/수현/IdeaProjects/HelloWorld/src/HelloWorld.java,HelloWorld::main,2,54,Default task
2021-09-01T19:07:49.141+09:00,수현,IdeState,Active,HelloWorld,Terminal,C:/Users/수현/IdeaProjects/HelloWorld/src/HelloWorld.java,HelloWorld::main,2,54,Default task
2021-09-01T19:07:50.155+09:00,수현,IdeState,Active,HelloWorld,Terminal,C:/Users/수현/IdeaProjects/HelloWorld/src/HelloWorld.java,HelloWorld::main,2,54,Default task
2021-09-01T19:07:51.169+09:00,수현,IdeState,Active,HelloWorld,Terminal,C:/Users/수현/IdeaProjects/HelloWorld/src/HelloWorld.java,HelloWorld::main,2,54,Default task
2021-09-01T19:07:52.175+09:00,수현,IdeState,Active,HelloWorld,Terminal,C:/Users/수현/IdeaProjects/HelloWorld/src/HelloWorld.java,HelloWorld::main,2,54,Default task
2021-09-01T19:07:53.189+09:00,수현,IdeState,Active,HelloWorld,Terminal,C:/Users/수현/IdeaProjects/HelloWorld/src/HelloWorld.java,HelloWorld::main,2,54,Default task
2021-09-01T19:07:54.205+09:00,수현,IdeState,Active,HelloWorld,Terminal,C:/Users/수현/IdeaProjects/HelloWorld/src/HelloWorld.java,HelloWorld::main,2,54,Default task
2021-09-01T19:07:55.213+09:00,수현,IdeState,Inactive,,,,,-1,-1,
2021-09-01T19:07:56.219+09:00,수현,IdeState,Inactive,,,,,-1,-1,
2021-09-01T19:07:57.229+09:00,수현,IdeState,Inactive,,,,,-1,-1,
2021-09-01T19:07:58.244+09:00,수현,IdeState,Inactive,,,,,-1,-1,
2021-09-01T19:07:59.253+09:00,수현,IdeState,Inactive,,,,,-1,-1,
2021-09-01T19:08:00.258+09:00,수현,IdeState,Inactive,,,,,-1,-1,
2021-09-01T19:08:01.273+09:00,수현,IdeState,Inactive,,,,,-1,-1,
2021-09-01T19:08:02.280+09:00,수현,IdeState,Inactive,,,,,-1,-1,
2021-09-01T19:08:03.293+09:00,수현,IdeState,Inactive,,,,,-1,-1,
2021-09-01T19:08:04.296+09:00,수현,IdeState,Inactive,,,,,-1,-1,
2021-09-01T19:08:05.304+09:00,수현,IdeState,Inactive,,,,,-1,-1,
2021-09-01T19:08:06.308+09:00,수현,IdeState,Active,HelloWorld,Popup,C:/Users/수현/IdeaProjects/HelloWorld/src/HelloWorld.java,HelloWorld::main,2,54,Default task
2021-09-01T19:08:07.313+09:00,수현,IdeState,Active,HelloWorld,Popup,C:/Users/수현/IdeaProjects/HelloWorld/src/HelloWorld.java,HelloWorld::main,2,54,Default task
2021-09-01T19:08:08.313+09:00,수현,IdeState,Active,HelloWorld,Popup,C:/Users/수현/IdeaProjects/HelloWorld/src/HelloWorld.java,HelloWorld::main,2,54,Default task
2021-09-01T19:08:09.328+09:00,수현,IdeState,Active,HelloWorld,Popup,C:/Users/수현/IdeaProjects/HelloWorld/src/HelloWorld.java,HelloWorld::main,2,54,Default task
2021-09-01T19:08:10.336+09:00,수현,IdeState,Active,HelloWorld,Popup,C:/Users/수현/IdeaProjects/HelloWorld/src/HelloWorld.java,HelloWorld::main,2,54,Default task
2021-09-01T19:08:11.339+09:00,수현,IdeState,Active,HelloWorld,Popup,C:/Users/수현/IdeaProjects/HelloWorld/src/HelloWorld.java,HelloWorld::main,2,54,Default task
2021-09-01T19:08:12.353+09:00,수현,IdeState,Active,HelloWorld,Popup,C:/Users/수현/IdeaProjects/HelloWorld/src/HelloWorld.java,HelloWorld::main,2,54,Default task
2021-09-01T19:08:13.369+09:00,수현,IdeState,Active,HelloWorld,Popup,C:/Users/수현/IdeaProjects/HelloWorld/src/HelloWorld.java,HelloWorld::main,2,54,Default task
2021-09-01T19:08:14.383+09:00,수현,IdeState,Active,HelloWorld,Popup,C:/Users/수현/IdeaProjects/HelloWorld/src/HelloWorld.java,HelloWorld::main,2,54,Default task
2021-09-01T19:08:15.396+09:00,수현,IdeState,Active,HelloWorld,Popup,C:/Users/수현/IdeaProjects/HelloWorld/src/HelloWorld.java,HelloWorld::main,2,54,Default task
2021-09-01T19:08:16.398+09:00,수현,IdeState,Active,HelloWorld,Popup,C:/Users/수현/IdeaProjects/HelloWorld/src/HelloWorld.java,HelloWorld::main,2,54,Default task
2021-09-01T19:08:17.408+09:00,수현,IdeState,Active,HelloWorld,Popup,C:/Users/수현/IdeaProjects/HelloWorld/src/HelloWorld.java,HelloWorld::main,2,54,Default task
2021-09-01T19:08:18.421+09:00,수현,IdeState,Active,HelloWorld,Popup,C:/Users/수현/IdeaProjects/HelloWorld/src/HelloWorld.java,HelloWorld::main,2,54,Default task
2021-09-01T19:08:19.428+09:00,수현,IdeState,Active,HelloWorld,Popup,C:/Users/수현/IdeaProjects/HelloWorld/src/HelloWorld.java,HelloWorld::main,2,54,Default task
2021-09-01T19:08:20.442+09:00,수현,IdeState,Active,HelloWorld,Popup,C:/Users/수현/IdeaProjects/HelloWorld/src/HelloWorld.java,HelloWorld::main,2,54,Default task
2021-09-01T19:08:21.445+09:00,수현,IdeState,Active,HelloWorld,Popup,C:/Users/수현/IdeaProjects/HelloWorld/src/HelloWorld.java,HelloWorld::main,2,54,Default task
2021-09-01T19:08:22.471+09:00,수현,IdeState,Active,HelloWorld,Popup,C:/Users/수현/IdeaProjects/HelloWorld/src/HelloWorld.java,HelloWorld::main,2,54,Default task
2021-09-01T19:08:23.471+09:00,수현,IdeState,Active,HelloWorld,Popup,C:/Users/수현/IdeaProjects/HelloWorld/src/HelloWorld.java,HelloWorld::main,2,54,Default task
2021-09-01T19:08:24.486+09:00,수현,IdeState,Active,HelloWorld,Popup,C:/Users/수현/IdeaProjects/HelloWorld/src/HelloWorld.java,HelloWorld::main,2,54,Default task
2021-09-01T19:08:25.501+09:00,수현,IdeState,Active,HelloWorld,Popup,C:/Users/수현/IdeaProjects/HelloWorld/src/HelloWorld.java,HelloWorld::main,2,54,Default task
2021-09-01T19:08:26.512+09:00,수현,IdeState,Active,HelloWorld,Popup,C:/Users/수현/IdeaProjects/HelloWorld/src/HelloWorld.java,HelloWorld::main,2,54,Default task
2021-09-01T19:08:27.524+09:00,수현,IdeState,Active,HelloWorld,Popup,C:/Users/수현/IdeaProjects/HelloWorld/src/HelloWorld.java,HelloWorld::main,2,54,Default task
2021-09-01T19:08:28.538+09:00,수현,IdeState,Active,HelloWorld,Popup,C:/Users/수현/IdeaProjects/HelloWorld/src/HelloWorld.java,HelloWorld::main,2,54,Default task
2021-09-01T19:08:29.546+09:00,수현,IdeState,Active,HelloWorld,Popup,C:/Users/수현/IdeaProjects/HelloWorld/src/HelloWorld.java,HelloWorld::main,2,54,Default task
2021-09-01T19:08:30.558+09:00,수현,IdeState,Active,HelloWorld,Popup,C:/Users/수현/IdeaProjects/HelloWorld/src/HelloWorld.java,HelloWorld::main,2,54,Default task
2021-09-01T19:08:31.571+09:00,수현,IdeState,Active,HelloWorld,Popup,C:/Users/수현/IdeaProjects/HelloWorld/src/HelloWorld.java,HelloWorld::main,2,54,Default task
2021-09-01T19:08:32.576+09:00,수현,IdeState,Active,HelloWorld,Popup,C:/Users/수현/IdeaProjects/HelloWorld/src/HelloWorld.java,HelloWorld::main,2,54,Default task
2021-09-01T19:08:33.583+09:00,수현,IdeState,Active,HelloWorld,Popup,C:/Users/수현/IdeaProjects/HelloWorld/src/HelloWorld.java,HelloWorld::main,2,54,Default task
2021-09-01T19:08:34.599+09:00,수현,IdeState,Active,HelloWorld,Popup,C:/Users/수현/IdeaProjects/HelloWorld/src/HelloWorld.java,HelloWorld::main,2,54,Default task
2021-09-01T19:08:35.609+09:00,수현,IdeState,Active,HelloWorld,Popup,C:/Users/수현/IdeaProjects/HelloWorld/src/HelloWorld.java,HelloWorld::main,2,54,Default task
2021-09-01T19:08:36.623+09:00,수현,IdeState,Active,HelloWorld,Popup,C:/Users/수현/IdeaProjects/HelloWorld/src/HelloWorld.java,HelloWorld::main,2,54,Default task
2021-09-01T19:08:37.631+09:00,수현,IdeState,Active,HelloWorld,Editor,C:/Users/수현/IdeaProjects/HelloWorld/src/HelloWorld.java,HelloWorld::main,2,54,Default task
2021-09-01T19:08:38.633+09:00,수현,IdeState,Active,HelloWorld,Editor,C:/Users/수현/IdeaProjects/HelloWorld/src/HelloWorld.java,HelloWorld::main,2,54,Default task
2021-09-01T19:08:39.645+09:00,수현,IdeState,Active,HelloWorld,Editor,C:/Users/수현/IdeaProjects/HelloWorld/src/HelloWorld.java,HelloWorld::main,2,54,Default task
2021-09-01T19:08:40.647+09:00,수현,IdeState,Active,HelloWorld,Editor,C:/Users/수현/IdeaProjects/HelloWorld/src/HelloWorld.java,HelloWorld::main,2,54,Default task
2021-09-01T19:08:41.661+09:00,수현,IdeState,Active,HelloWorld,Editor,C:/Users/수현/IdeaProjects/HelloWorld/src/HelloWorld.java,HelloWorld::main,2,54,Default task
2021-09-01T19:08:42.676+09:00,수현,IdeState,Active,HelloWorld,Editor,C:/Users/수현/IdeaProjects/HelloWorld/src/HelloWorld.java,HelloWorld::main,2,54,Default task
2021-09-01T19:08:43.678+09:00,수현,IdeState,Active,HelloWorld,Editor,C:/Users/수현/IdeaProjects/HelloWorld/src/HelloWorld.java,HelloWorld::main,2,54,Default task
2021-09-01T19:08:44.680+09:00,수현,IdeState,Active,HelloWorld,Editor,C:/Users/수현/IdeaProjects/HelloWorld/src/HelloWorld.java,HelloWorld::main,2,54,Default task
2021-09-01T19:08:45.687+09:00,수현,IdeState,Active,HelloWorld,Editor,C:/Users/수현/IdeaProjects/HelloWorld/src/HelloWorld.java,HelloWorld::main,2,54,Default task
2021-09-01T19:08:45.885+09:00,수현,KeyEvent,65535:18:8,HelloWorld,Editor,C:/Users/수현/IdeaProjects/HelloWorld/src/HelloWorld.java,HelloWorld::main,2,54,Default task
2021-09-01T19:08:46.692+09:00,수현,IdeState,Active,HelloWorld,Editor,C:/Users/수현/IdeaProjects/HelloWorld/src/HelloWorld.java,HelloWorld::main,2,54,Default task
2021-09-01T19:08:47.706+09:00,수현,IdeState,Active,HelloWorld,Editor,C:/Users/수현/IdeaProjects/HelloWorld/src/HelloWorld.java,HelloWorld::main,2,54,Default task
2021-09-01T19:08:48.713+09:00,수현,IdeState,Active,HelloWorld,Editor,C:/Users/수현/IdeaProjects/HelloWorld/src/HelloWorld.java,HelloWorld::main,2,54,Default task
2021-09-01T19:08:49.726+09:00,수현,IdeState,Active,HelloWorld,Editor,C:/Users/수현/IdeaProjects/HelloWorld/src/HelloWorld.java,HelloWorld::main,2,54,Default task
2021-09-01T19:08:50.727+09:00,수현,IdeState,Active,HelloWorld,Editor,C:/Users/수현/IdeaProjects/HelloWorld/src/HelloWorld.java,HelloWorld::main,2,54,Default task
2021-09-01T19:08:51.729+09:00,수현,IdeState,Active,HelloWorld,Editor,C:/Users/수현/IdeaProjects/HelloWorld/src/HelloWorld.java,HelloWorld::main,2,54,Default task
2021-09-01T19:08:52.741+09:00,수현,IdeState,Active,HelloWorld,Editor,C:/Users/수현/IdeaProjects/HelloWorld/src/HelloWorld.java,HelloWorld::main,2,54,Default task
2021-09-01T19:08:53.753+09:00,수현,IdeState,Active,HelloWorld,Popup,C:/Users/수현/IdeaProjects/HelloWorld/src/HelloWorld.java,HelloWorld::main,2,54,Default task
2021-09-01T19:08:54.339+09:00,수현,Action,Start/Stop Activity Tracking,,,,,-1,-1,
